{
  "sweep_id": "sweep_phaseA",
  "generated_at": "2026-06-27T14:35:44",
  "raw_results": "results/deep_res_mlp_results/sweep_phaseA/phaseA_results.csv",
  "aggregated_results": "results/deep_res_mlp_results/sweep_phaseA/phaseA_aggregated.csv",
  "summary": "results/deep_res_mlp_results/sweep_phaseA/phaseA_summary.md",
  "n_runs": 36,
  "total_runs": 36,
  "best_by_val_macro_prauc": {
    "sgc_k": 3,
    "mlp_hidden": "(64, 64)",
    "Seconds_mean": 38.01766666666666,
    "Seconds_std": 1.428490928684295,
    "Val_Pooled_F1_mean": 0.8641909999999999,
    "Val_Pooled_F1_std": 0.014389702290179602,
    "Val_Pooled_PRAUC_mean": 0.934552,
    "Val_Pooled_PRAUC_std": 0.01153782297489433,
    "Val_Macro_F1_mean": 0.811702,
    "Val_Macro_F1_std": 0.002973831367108784,
    "Val_Macro_PRAUC_mean": 0.880434,
    "Val_Macro_PRAUC_std": 0.011821876035553718,
    "OOT_Pooled_F1_mean": 0.482712,
    "OOT_Pooled_F1_std": 0.029180364082718346,
    "OOT_Pooled_PRAUC_mean": 0.4674496666666666,
    "OOT_Pooled_PRAUC_std": 0.049436170658065055,
    "OOT_Macro_F1_mean": 0.262251,
    "OOT_Macro_F1_std": 0.012272688254820151,
    "OOT_Macro_PRAUC_mean": 0.304869,
    "OOT_Macro_PRAUC_std": 0.034290155263573825,
    "n_seeds": 3
  },
  "best_by_val_pooled_prauc": {
    "sgc_k": 2,
    "mlp_hidden": "(256, 128)",
    "Seconds_mean": 77.95266666666667,
    "Seconds_std": 1.865185334848341,
    "Val_Pooled_F1_mean": 0.8684419999999999,
    "Val_Pooled_F1_std": 0.01600645535401261,
    "Val_Pooled_PRAUC_mean": 0.9430376666666667,
    "Val_Pooled_PRAUC_std": 0.0073317461312659505,
    "Val_Macro_F1_mean": 0.8114966666666666,
    "Val_Macro_F1_std": 0.02201791609878952,
    "Val_Macro_PRAUC_mean": 0.8670300000000001,
    "Val_Macro_PRAUC_std": 0.006691206841818605,
    "OOT_Pooled_F1_mean": 0.42908433333333335,
    "OOT_Pooled_F1_std": 0.04151062953429318,
    "OOT_Pooled_PRAUC_mean": 0.38930333333333333,
    "OOT_Pooled_PRAUC_std": 0.023368472400508628,
    "OOT_Macro_F1_mean": 0.232969,
    "OOT_Macro_F1_std": 0.03864259064814367,
    "OOT_Macro_PRAUC_mean": 0.253307,
    "OOT_Macro_PRAUC_std": 0.02351315027808904,
    "n_seeds": 3
  },
  "worker_caps": {
    "OMP_NUM_THREADS": "1",
    "OPENBLAS_NUM_THREADS": "1",
    "MKL_NUM_THREADS": "1",
    "NUMEXPR_NUM_THREADS": "1",
    "VECLIB_MAXIMUM_THREADS": "1",
    "torch_num_threads": 1
  }
}