{
  "sweep_id": "sweep_phaseC",
  "generated_at": "2026-06-27T15:17:15",
  "raw_results": "results/deep_res_mlp_results/sweep_phaseC/phaseC_results.csv",
  "aggregated_results": "results/deep_res_mlp_results/sweep_phaseC/phaseC_aggregated.csv",
  "summary": "results/deep_res_mlp_results/sweep_phaseC/phaseC_summary.md",
  "n_runs": 12,
  "total_runs": 12,
  "best_by_val_macro_prauc": {
    "mlp_dropout": 0.4,
    "Seconds_mean": 38.13366666666667,
    "Seconds_std": 1.5985819757939632,
    "Val_Pooled_F1_mean": 0.8643386666666667,
    "Val_Pooled_F1_std": 0.010777236256728058,
    "Val_Pooled_PRAUC_mean": 0.9356300000000001,
    "Val_Pooled_PRAUC_std": 0.015024008819220011,
    "Val_Macro_F1_mean": 0.8044396666666667,
    "Val_Macro_F1_std": 0.008371732755728218,
    "Val_Macro_PRAUC_mean": 0.8809130000000001,
    "Val_Macro_PRAUC_std": 0.011418001182343589,
    "OOT_Pooled_F1_mean": 0.47102333333333335,
    "OOT_Pooled_F1_std": 0.012999170909459288,
    "OOT_Pooled_PRAUC_mean": 0.451959,
    "OOT_Pooled_PRAUC_std": 0.03914564651401225,
    "OOT_Macro_F1_mean": 0.2579086666666667,
    "OOT_Macro_F1_std": 0.008177955816298692,
    "OOT_Macro_PRAUC_mean": 0.289828,
    "OOT_Macro_PRAUC_std": 0.014382712574476339,
    "n_seeds": 3.0
  },
  "best_by_val_pooled_prauc": {
    "mlp_dropout": 0.2,
    "Seconds_mean": 37.160333333333334,
    "Seconds_std": 0.7381871939646025,
    "Val_Pooled_F1_mean": 0.8649103333333333,
    "Val_Pooled_F1_std": 0.015565278164341721,
    "Val_Pooled_PRAUC_mean": 0.935924,
    "Val_Pooled_PRAUC_std": 0.012557460372224983,
    "Val_Macro_F1_mean": 0.8047613333333333,
    "Val_Macro_F1_std": 0.023627252619238953,
    "Val_Macro_PRAUC_mean": 0.856512,
    "Val_Macro_PRAUC_std": 0.0391053362982599,
    "OOT_Pooled_F1_mean": 0.45999133333333336,
    "OOT_Pooled_F1_std": 0.0904445412080427,
    "OOT_Pooled_PRAUC_mean": 0.40161,
    "OOT_Pooled_PRAUC_std": 0.14397367576400905,
    "OOT_Macro_F1_mean": 0.25173833333333334,
    "OOT_Macro_F1_std": 0.04846652091220633,
    "OOT_Macro_PRAUC_mean": 0.2673816666666667,
    "OOT_Macro_PRAUC_std": 0.08670022921153861,
    "n_seeds": 3.0
  },
  "worker_caps": {
    "OMP_NUM_THREADS": "1",
    "OPENBLAS_NUM_THREADS": "1",
    "MKL_NUM_THREADS": "1",
    "NUMEXPR_NUM_THREADS": "1",
    "VECLIB_MAXIMUM_THREADS": "1",
    "torch_num_threads": 1
  }
}