label,tsne1_count,tsne1_mean,tsne1_std,tsne1_min,tsne1_1%,tsne1_5%,tsne1_25%,tsne1_50%,tsne1_75%,tsne1_95%,tsne1_99%,tsne1_max,tsne1_iqr,tsne1_mad,tsne1_skewness,tsne1_kurtosis,tsne2_count,tsne2_mean,tsne2_std,tsne2_min,tsne2_1%,tsne2_5%,tsne2_25%,tsne2_50%,tsne2_75%,tsne2_95%,tsne2_99%,tsne2_max,tsne2_iqr,tsne2_mad,tsne2_skewness,tsne2_kurtosis,tsne1_tsne2_correlation
0,7378,0.13491151743552451,25.681729473512856,-57.494446,-51.41791126,-41.90960415,-18.18334825,-0.8403169,16.87725025,48.2898786,62.20144414999998,67.66582,35.0605985,17.5481005,0.21418081764522376,-0.31352366772476437,7378,-0.1951218275944429,24.35614727730177,-59.705097,-55.10885649,-39.667253099999996,-15.377061750000001,-0.66305515,15.37581475,41.5268975,56.87097377999997,70.5309,30.7528765,15.24280035,0.11478977563211278,-0.05916983643016582,-0.06006468714163199
1,360,-6.192385692138888,12.204335924439915,-41.168232,-32.74518718,-26.797995500000003,-13.235857,-5.0486679,4.71148795,10.1988873,15.488408880000003,20.14501,17.94734495,9.55216335,-0.43659924524322474,-0.5201060576884506,360,7.858430744016666,16.636769881536377,-52.304466,-47.5482146,-18.09030915,-3.0620066500000003,12.105184,19.10054625,33.359168000000004,39.312039710000015,44.41004,22.1625529,7.8934455,-0.9055445920989061,1.4357217829760867,0.01038116037528124
