label,pagerank_count,pagerank_mean,pagerank_std,pagerank_min,pagerank_1%,pagerank_5%,pagerank_25%,pagerank_50%,pagerank_75%,pagerank_95%,pagerank_99%,pagerank_max,pagerank_iqr,pagerank_mad,pagerank_skewness,pagerank_kurtosis
0,42019,0.00027222825711969544,0.0007770412183092333,3.62278917345932e-05,4.067058745195545e-05,5.16332102374409e-05,7.538822987147696e-05,0.0001185689322818,0.000217097218411,0.0007476231920754795,0.0031415536095735714,0.0265541125991684,0.00014170898853952305,5.4400768454796765e-05,12.795804053667064,243.51459877632234
1,4545,0.00022224222849959586,0.000746052591736031,3.62278917345932e-05,5.630808187482412e-05,6.540878202947398e-05,9.216411973317043e-05,0.0001339031643578,0.0002047437952784,0.00047055047686,0.0008362755015805686,0.0250808981054628,0.00011257967554522957,4.873938338484791e-05,19.631453412603488,468.1908063707222
