label,in_degree_count,in_degree_mean,in_degree_std,in_degree_min,in_degree_1%,in_degree_5%,in_degree_25%,in_degree_50%,in_degree_75%,in_degree_95%,in_degree_99%,in_degree_max,in_degree_iqr,in_degree_mad,in_degree_skewness,in_degree_kurtosis,out_degree_count,out_degree_mean,out_degree_std,out_degree_min,out_degree_1%,out_degree_5%,out_degree_25%,out_degree_50%,out_degree_75%,out_degree_95%,out_degree_99%,out_degree_max,out_degree_iqr,out_degree_mad,out_degree_skewness,out_degree_kurtosis,in_degree_out_degree_correlation
0,42019,1.9093981294176443,7.122537885125557,0.0,0.0,0.0,0.0,1.0,1.0,6.0,26.0,284.0,1.0,1.0,14.009362319311716,300.37406967673866,42019,1.1858207001594516,3.2467689610002104,0.0,0.0,0.0,1.0,1.0,1.0,2.0,7.0,472.0,0.0,0.0,92.59148101773192,12059.60717789612,-0.015088958423407553
1,4545,1.26996699669967,7.215217536944026,0.0,0.0,0.0,0.0,1.0,1.0,1.0,4.0,177.0,1.0,0.0,18.271771199777767,370.8052388852163,4545,0.7416941694169417,0.5716199173074399,0.0,0.0,0.0,0.0,1.0,1.0,2.0,2.0,3.0,1.0,0.0,0.07177493607760177,-0.42554031361616307,-0.10538648335791753
