Hops (K),Intrinsic Dimension,F1 Score (Static)
0,3.993304892316411,0.575
1,7.521798552748392,0.586
2,8.07247766597373,0.707
3,7.838583940050511,0.719
