label,pca1_count,pca1_mean,pca1_std,pca1_min,pca1_1%,pca1_5%,pca1_25%,pca1_50%,pca1_75%,pca1_95%,pca1_99%,pca1_max,pca1_iqr,pca1_mad,pca1_skewness,pca1_kurtosis,pca2_count,pca2_mean,pca2_std,pca2_min,pca2_1%,pca2_5%,pca2_25%,pca2_50%,pca2_75%,pca2_95%,pca2_99%,pca2_max,pca2_iqr,pca2_mad,pca2_skewness,pca2_kurtosis,pca1_pca2_correlation
0,7378,0.13369279140534018,8.087431674028368,-18.917946,-8.85698691,-4.5098094,-2.860589525,-1.47363495,-0.53992155,15.562012249999992,33.68607034,247.40154,2.320667975,1.1065238149999999,9.761122973237246,241.22127414957697,7378,0.059814560376009754,6.629709690972945,-11.90704,-10.587047550000001,-6.62388724,-2.355806075,-0.46593266499999997,0.359862215,10.4365134,18.51514978999998,106.94422,2.71566829,1.113799685,4.8495330131494,44.14175084742283,-0.0030084256649926524
1,360,-2.7399181051388886,1.187476439614788,-7.6921167,-5.523724124,-4.977129,-3.042617175,-2.8036980500000004,-2.491082875,-0.5608518045,0.26760146110000205,0.6399041,0.5515343000000001,0.26244970000000056,-0.041124876486071764,1.5430174598626056,360,-1.2259033708919445,1.8847423431895098,-10.817165,-8.503730659999999,-4.573656270000001,-1.449589675,-1.33288555,-0.40081226,0.4036760370000004,3.286513765000026,10.693925,1.048777415,0.17324305000000007,-0.21455340972046882,14.597145561235173,-0.09724902878806277
