{
  "sweep_id": "sweep_phaseB",
  "generated_at": "2026-06-27T15:06:30",
  "raw_results": "results/deep_res_mlp_results/sweep_phaseB/phaseB_results.csv",
  "aggregated_results": "results/deep_res_mlp_results/sweep_phaseB/phaseB_aggregated.csv",
  "summary": "results/deep_res_mlp_results/sweep_phaseB/phaseB_summary.md",
  "n_runs": 36,
  "total_runs": 36,
  "best_by_val_macro_prauc": {
    "Variation": "PCA",
    "use_directional_prop": true,
    "topology": "late",
    "Seconds_mean": 37.70733333333333,
    "Seconds_std": 0.7295274726378225,
    "Val_Pooled_F1_mean": 0.8641909999999999,
    "Val_Pooled_F1_std": 0.014389702290179602,
    "Val_Pooled_PRAUC_mean": 0.934552,
    "Val_Pooled_PRAUC_std": 0.01153782297489433,
    "Val_Macro_F1_mean": 0.811702,
    "Val_Macro_F1_std": 0.002973831367108784,
    "Val_Macro_PRAUC_mean": 0.880434,
    "Val_Macro_PRAUC_std": 0.011821876035553718,
    "OOT_Pooled_F1_mean": 0.482712,
    "OOT_Pooled_F1_std": 0.029180364082718346,
    "OOT_Pooled_PRAUC_mean": 0.4674496666666666,
    "OOT_Pooled_PRAUC_std": 0.049436170658065055,
    "OOT_Macro_F1_mean": 0.262251,
    "OOT_Macro_F1_std": 0.012272688254820151,
    "OOT_Macro_PRAUC_mean": 0.304869,
    "OOT_Macro_PRAUC_std": 0.034290155263573825,
    "n_seeds": 3
  },
  "best_by_val_pooled_prauc": {
    "Variation": "Base",
    "use_directional_prop": true,
    "topology": "late",
    "Seconds_mean": 37.419000000000004,
    "Seconds_std": 0.493212935758991,
    "Val_Pooled_F1_mean": 0.872116,
    "Val_Pooled_F1_std": 0.02671445850096908,
    "Val_Pooled_PRAUC_mean": 0.9387983333333333,
    "Val_Pooled_PRAUC_std": 0.015222823664922768,
    "Val_Macro_F1_mean": 0.7927580000000001,
    "Val_Macro_F1_std": 0.04285641164400019,
    "Val_Macro_PRAUC_mean": 0.8425673333333333,
    "Val_Macro_PRAUC_std": 0.03502914409935436,
    "OOT_Pooled_F1_mean": 0.33582833333333334,
    "OOT_Pooled_F1_std": 0.06353793427814075,
    "OOT_Pooled_PRAUC_mean": 0.3104496666666667,
    "OOT_Pooled_PRAUC_std": 0.09379701524746581,
    "OOT_Macro_F1_mean": 0.16688333333333336,
    "OOT_Macro_F1_std": 0.038438643906013814,
    "OOT_Macro_PRAUC_mean": 0.21272666666666665,
    "OOT_Macro_PRAUC_std": 0.035915744518711205,
    "n_seeds": 3
  },
  "worker_caps": {
    "OMP_NUM_THREADS": "1",
    "OPENBLAS_NUM_THREADS": "1",
    "MKL_NUM_THREADS": "1",
    "NUMEXPR_NUM_THREADS": "1",
    "VECLIB_MAXIMUM_THREADS": "1",
    "torch_num_threads": 1
  }
}