{
  "sweep_id": "sweep_phaseD",
  "generated_at": "2026-06-27T15:38:16",
  "raw_results": "results/deep_res_mlp_results/sweep_phaseD/phaseD_results.csv",
  "aggregated_results": "results/deep_res_mlp_results/sweep_phaseD/phaseD_aggregated.csv",
  "summary": "results/deep_res_mlp_results/sweep_phaseD/phaseD_summary.md",
  "n_runs": 27,
  "total_runs": 27,
  "best_by_val_macro_prauc": {
    "sgc_lr": 0.01,
    "sgc_weight_decay": 0.0005,
    "Seconds_mean": 38.014,
    "Seconds_std": 1.7217328480342147,
    "Val_Pooled_F1_mean": 0.8643386666666667,
    "Val_Pooled_F1_std": 0.010777236256728058,
    "Val_Pooled_PRAUC_mean": 0.9356300000000001,
    "Val_Pooled_PRAUC_std": 0.015024008819220011,
    "Val_Macro_F1_mean": 0.8044396666666667,
    "Val_Macro_F1_std": 0.008371732755728218,
    "Val_Macro_PRAUC_mean": 0.8809130000000001,
    "Val_Macro_PRAUC_std": 0.011418001182343589,
    "OOT_Pooled_F1_mean": 0.47102333333333335,
    "OOT_Pooled_F1_std": 0.012999170909459288,
    "OOT_Pooled_PRAUC_mean": 0.451959,
    "OOT_Pooled_PRAUC_std": 0.03914564651401225,
    "OOT_Macro_F1_mean": 0.2579086666666667,
    "OOT_Macro_F1_std": 0.008177955816298692,
    "OOT_Macro_PRAUC_mean": 0.289828,
    "OOT_Macro_PRAUC_std": 0.014382712574476339,
    "n_seeds": 3.0
  },
  "best_by_val_pooled_prauc": {
    "sgc_lr": 0.01,
    "sgc_weight_decay": 0.0001,
    "Seconds_mean": 37.84866666666667,
    "Seconds_std": 1.7592740927249915,
    "Val_Pooled_F1_mean": 0.863792,
    "Val_Pooled_F1_std": 0.007843506804994866,
    "Val_Pooled_PRAUC_mean": 0.9384493333333334,
    "Val_Pooled_PRAUC_std": 0.005965460278413821,
    "Val_Macro_F1_mean": 0.813349,
    "Val_Macro_F1_std": 0.00803039949193068,
    "Val_Macro_PRAUC_mean": 0.8758976666666666,
    "Val_Macro_PRAUC_std": 0.00522026535085466,
    "OOT_Pooled_F1_mean": 0.47728733333333334,
    "OOT_Pooled_F1_std": 0.0026504596456715375,
    "OOT_Pooled_PRAUC_mean": 0.466883,
    "OOT_Pooled_PRAUC_std": 0.005720803177876329,
    "OOT_Macro_F1_mean": 0.25438299999999997,
    "OOT_Macro_F1_std": 0.004432363139455071,
    "OOT_Macro_PRAUC_mean": 0.29681066666666667,
    "OOT_Macro_PRAUC_std": 0.008257063299583764,
    "n_seeds": 3.0
  },
  "worker_caps": {
    "OMP_NUM_THREADS": "1",
    "OPENBLAS_NUM_THREADS": "1",
    "MKL_NUM_THREADS": "1",
    "NUMEXPR_NUM_THREADS": "1",
    "VECLIB_MAXIMUM_THREADS": "1",
    "torch_num_threads": 1
  }
}
